﻿<parameters>
  <parameter name="IIS Web Application Name" defaultValue="Saobracaj" tags="IisApp">
    <parameterEntry kind="ProviderPath" scope="IisApp" match="^C:\\Users\\Emina\\Documents\\Visual\ Studio\ 2015\\Projects\\Saobracaj\\Saobracaj\\obj\\Release\\Package\\PackageTmp$" />
    <parameterEntry kind="ProviderPath" scope="setAcl" match="^C:\\Users\\Emina\\Documents\\Visual\ Studio\ 2015\\Projects\\Saobracaj\\Saobracaj\\obj\\Release\\Package\\PackageTmp$" />
  </parameter>
  <parameter name="SaobracajEntities-Web.config Connection String" description="SaobracajEntities Connection String used in web.config by the application to access the database." defaultValue="Data Source=(LocalDb)\MSSQLLocalDB;initial catalog=Saobracaj;Integrated Security=SSPI" tags="SqlConnectionString">
    <parameterEntry kind="XmlFile" scope="C:\\Users\\Emina\\Documents\\Visual\ Studio\ 2015\\Projects\\Saobracaj\\Saobracaj\\obj\\Release\\Package\\PackageTmp\\Web\.config$" match="/configuration/connectionStrings/add[@name='SaobracajEntities']/@connectionString" />
  </parameter>
  <parameter name="DefaultConnection-Web.config Connection String" description="DefaultConnection Connection String used in web.config by the application to access the database." defaultValue="Data Source=(LocalDb)\MSSQLLocalDB;AttachDbFilename=|DataDirectory|\aspnet-Saobracaj-20161024114510.mdf;Initial Catalog=aspnet-Saobracaj-20161024114510;Integrated Security=True" tags="SqlConnectionString">
    <parameterEntry kind="XmlFile" scope="C:\\Users\\Emina\\Documents\\Visual\ Studio\ 2015\\Projects\\Saobracaj\\Saobracaj\\obj\\Release\\Package\\PackageTmp\\Web\.config$" match="/configuration/connectionStrings/add[@name='DefaultConnection']/@connectionString" />
  </parameter>
</parameters>